anonimo,original
53mu3w2r.png,DSC03768.ARW
8609tykg.png,DSC03758.ARW
abu0f4v2.png,DSC03766.ARW
b5mxhu8n.png,DSC03759.ARW
bhnktp2e.png,DSC03772.ARW
dk0bsdjj.png,DSC03761.ARW
dnncao7y.png,DSC03767.ARW
dtds5aji.png,DSC03765.ARW
eb1dqm80.png,DSC03762.ARW
ebn6ve0i.png,DSC03760.ARW
es09uo05.png,DSC03775.ARW
il369vax.png,DSC03764.ARW
mpcqrunt.png,DSC03769.ARW
n7k4nyj4.png,DSC03774.ARW
p27po51y.png,DSC03771.ARW
ucvqp2xk.png,DSC03763.ARW
uhvsbmu2.png,DSC03770.ARW
w72m01y2.png,DSC03773.ARW
wyfwgh34.png,DSC03776.ARW
