,wyfwgh34.png,es09uo05.png,n7k4nyj4.png,w72m01y2.png,bhnktp2e.png,p27po51y.png,uhvsbmu2.png,mpcqrunt.png,53mu3w2r.png,dnncao7y.png,abu0f4v2.png,dtds5aji.png,il369vax.png,ucvqp2xk.png,eb1dqm80.png,dk0bsdjj.png,ebn6ve0i.png,b5mxhu8n.png,8609tykg.png
wyfwgh34.png,0,2424,450,115,26,0,0,0,0,0,0,0,0,0,0,0,0,0,0
es09uo05.png,2424,0,498,197,0,104,0,37,0,0,0,0,0,0,0,0,0,0,0
n7k4nyj4.png,450,498,0,242,38,36,24,0,0,0,0,0,0,0,0,0,0,0,0
w72m01y2.png,115,197,242,0,120,271,33,98,0,0,0,0,0,0,0,0,0,0,0
bhnktp2e.png,26,0,38,120,0,486,81,40,0,0,0,0,0,0,0,0,0,0,0
p27po51y.png,0,104,36,271,486,0,244,192,44,0,0,0,0,0,0,0,0,0,0
uhvsbmu2.png,0,0,24,33,81,244,0,695,139,0,0,0,0,0,0,0,0,0,0
mpcqrunt.png,0,37,0,98,40,192,695,0,234,100,27,0,0,0,0,0,0,0,0
53mu3w2r.png,0,0,0,0,0,44,139,234,0,178,48,0,0,0,0,0,0,0,0
dnncao7y.png,0,0,0,0,0,0,0,100,178,0,88,53,0,0,0,0,0,0,0
abu0f4v2.png,0,0,0,0,0,0,0,27,48,88,0,92,0,0,0,0,0,0,0
dtds5aji.png,0,0,0,0,0,0,0,0,0,53,92,0,50,0,0,0,0,0,0
il369vax.png,0,0,0,0,0,0,0,0,0,0,0,50,0,509,205,119,72,48,21
ucvqp2xk.png,0,0,0,0,0,0,0,0,0,0,0,0,509,0,301,159,90,43,0
eb1dqm80.png,0,0,0,0,0,0,0,0,0,0,0,0,205,301,0,388,220,109,50
dk0bsdjj.png,0,0,0,0,0,0,0,0,0,0,0,0,119,159,388,0,444,173,74
ebn6ve0i.png,0,0,0,0,0,0,0,0,0,0,0,0,72,90,220,444,0,577,199
b5mxhu8n.png,0,0,0,0,0,0,0,0,0,0,0,0,48,43,109,173,577,0,422
8609tykg.png,0,0,0,0,0,0,0,0,0,0,0,0,21,0,50,74,199,422,0
