,x2l3zqmn.png,dcdffpga.png,wf8xvozc.png,yldd9kev.png,3jxmp2sv.png,yu3n1nq2.png,7yhv8h5v.png,7eygpr6u.png,gu34v866.png
x2l3zqmn.png,0,9450,4043,1868,0,0,0,0,0
dcdffpga.png,9450,0,7489,3405,1022,0,0,0,0
wf8xvozc.png,4043,7489,0,10569,2996,1241,0,0,0
yldd9kev.png,1868,3405,10569,0,6200,2558,844,1191,0
3jxmp2sv.png,0,1022,2996,6200,0,6760,1907,2341,983
yu3n1nq2.png,0,0,1241,2558,6760,0,6507,6870,2684
7yhv8h5v.png,0,0,0,844,1907,6507,0,22020,7010
7eygpr6u.png,0,0,0,1191,2341,6870,22020,0,8686
gu34v866.png,0,0,0,0,983,2684,7010,8686,0
