par,imagem_1,imagem_2,matches_antes,matches_depois_ratio,inliers_ransac,taxa_inliers,erro_reproj_homografia_px,erro_BA_mediana_px,erro_BA_media_px
0,DSC03758.png,DSC03759.png,36288,1574,427,0.2713,3.873,4.628,4.2
1,DSC03759.png,DSC03760.png,40308,2370,541,0.2283,3.343,13.228,14.457
2,DSC03760.png,DSC03761.png,34351,1604,444,0.2768,3.612,3.424,3.648
3,DSC03761.png,DSC03762.png,37574,1549,388,0.2505,2.159,3.765,3.833
4,DSC03762.png,DSC03763.png,28312,885,263,0.2972,3.173,6.306,6.584
5,DSC03763.png,DSC03764.png,37166,2332,573,0.2457,2.906,143.51,145.369
6,DSC03764.png,DSC03765.png,27315,573,50,0.0873,4.413,125.728,124.008
7,DSC03765.png,DSC03766.png,44079,1064,94,0.0883,3.674,84.816,107.208
8,DSC03766.png,DSC03767.png,36194,812,88,0.1084,3.266,44.102,46.354
9,DSC03767.png,DSC03768.png,44456,1165,158,0.1356,4.254,16.505,20.255
10,DSC03768.png,DSC03769.png,38240,1048,234,0.2233,3.802,13.537,20.185
11,DSC03769.png,DSC03770.png,43467,2081,733,0.3522,3.816,47.159,40.871
12,DSC03770.png,DSC03771.png,38236,1110,254,0.2288,3.756,11.042,13.733
13,DSC03771.png,DSC03772.png,42559,1623,486,0.2994,3.534,28.832,30.222
14,DSC03772.png,DSC03773.png,36981,851,123,0.1445,4.195,38.48,38.37
15,DSC03773.png,DSC03774.png,40469,1116,242,0.2168,4.572,34.842,31.807
16,DSC03774.png,DSC03776.png,41124,1798,421,0.2341,3.914,8.582,13.314
17,DSC03776.png,DSC03775.png,32767,3931,2424,0.6166,3.757,12.554,13.524
