,vrlcpvmj.png,n1ytde4d.png,hzvfzyzh.png,stc9h26m.png,l5ao98b2.png,0crtmmxx.png,f6fg63sn.png,se9hqhw7.png,9a2ije1c.png,hk9qtcb5.png,eo8kf14r.png,l17aerif.png,t4q5r5tk.png,tdt4mjjw.png,eqvrav7y.png,bxyq5fg2.png,72crzlnq.png,hrjoqnxq.png,i1b6gzwu.png,4lr3b8el.png,cftgsnqj.png,dzofxa2u.png,b5psebtj.png,2d989p0c.png,64dgsq5e.png,5cgkob4k.png,gqhozyx5.png,27asxb0l.png,7lnygfz9.png,ln5tme5z.png,avadaby9.png,qr91m1x8.png,j5qhvelx.png,4blc6hnl.png,kuna7vuo.png,l527i1fj.png,pupucn4l.png,igdsuhi6.png,z0bqs0ss.png,dvf1os96.png,yk97rk62.png,i0cpqjn8.png,zaea17wu.png,f370lkab.png,camv1thx.png,2mlm24vg.png,uura0dgu.png,h54dqtgt.png,fwfraxhh.png,3q4iifyt.png,pof85g9i.png,5lr0i0of.png,avmlvtjr.png,msquwei0.png,npakbmmh.png,ekncedpx.png,4erct3bl.png,zwaudc48.png,8jw546fl.png,m3bjd9yv.png,umr81bex.png,7qob9q3x.png
vrlcpvmj.png,0,265,175,147,138,119,99,109,83,64,47,40,0,0,0,0,0,0,0,0,0,0,0,0,0,0,0,0,0,0,0,0,0,0,0,0,0,0,0,0,0,0,0,0,0,0,0,0,0,0,0,0,0,0,0,0,0,0,0,0,0,0
n1ytde4d.png,265,0,521,426,337,270,261,233,211,189,170,165,0,135,106,99,73,0,0,0,0,0,0,0,0,0,0,0,0,0,0,0,0,0,0,0,0,0,0,0,0,0,0,0,0,0,0,0,0,0,0,0,0,0,0,0,0,0,0,0,0,0
hzvfzyzh.png,175,521,0,737,658,563,482,368,296,284,233,212,183,183,138,131,0,0,0,0,0,0,0,0,0,0,0,0,0,0,0,0,0,0,0,0,0,0,0,0,0,0,0,0,0,0,0,0,0,0,0,0,0,0,0,0,0,0,0,0,0,0
stc9h26m.png,147,426,737,0,865,754,619,465,437,378,304,272,233,210,168,152,133,107,86,0,70,76,55,0,0,0,0,0,0,0,0,0,0,0,0,0,0,0,0,0,0,0,0,0,0,0,0,0,0,0,0,0,0,0,0,0,0,0,0,0,0,0
l5ao98b2.png,138,337,658,865,0,875,760,601,526,411,361,334,266,235,185,152,134,130,106,0,0,0,65,56,0,0,0,0,0,0,0,0,0,0,0,0,0,0,0,0,0,0,0,0,0,0,0,0,0,0,0,0,0,0,0,0,0,0,0,0,0,0
0crtmmxx.png,119,270,563,754,875,0,904,768,653,548,459,387,324,296,247,179,153,169,152,136,110,116,91,97,96,76,65,0,0,0,0,0,0,0,0,0,0,0,0,0,0,0,0,0,0,0,0,0,0,0,0,0,0,0,0,0,0,0,0,0,0,0
f6fg63sn.png,99,261,482,619,760,904,0,1107,871,694,589,516,464,403,366,287,254,252,229,208,190,193,170,156,148,120,114,101,86,0,0,0,0,0,0,0,0,0,0,0,0,0,0,0,0,0,0,0,0,0,0,0,0,0,0,0,0,0,0,0,0,0
se9hqhw7.png,109,233,368,465,601,768,1107,0,1161,894,723,641,540,512,444,328,323,321,278,269,258,244,208,194,166,165,131,0,0,0,83,0,0,0,0,0,0,0,0,0,0,0,0,0,0,0,0,0,0,0,0,0,0,0,0,0,0,0,0,0,0,0
9a2ije1c.png,83,211,296,437,526,653,871,1161,0,1252,996,868,716,594,581,493,417,407,346,357,338,313,270,261,239,205,170,157,133,135,106,86,0,0,0,0,0,0,0,0,0,0,0,0,0,0,0,0,0,0,0,0,0,0,0,0,0,0,0,0,0,0
hk9qtcb5.png,64,189,284,378,411,548,694,894,1252,0,1363,1208,929,840,655,610,553,544,463,408,428,387,353,292,286,279,241,222,157,164,146,124,0,0,0,0,0,0,0,0,0,0,0,0,0,0,0,0,0,0,0,0,0,0,0,0,0,0,0,0,0,0
eo8kf14r.png,47,170,233,304,361,459,589,723,996,1363,0,1364,1195,994,894,690,612,561,465,489,477,424,400,313,326,287,275,224,196,188,135,130,0,0,0,0,0,0,0,0,0,0,0,0,0,0,0,0,0,0,0,0,0,0,0,0,0,0,0,0,0,0
l17aerif.png,40,165,212,272,334,387,516,641,868,1208,1364,0,1515,1272,1043,785,709,718,616,610,469,488,437,399,374,344,308,282,206,197,187,168,0,0,0,0,0,0,0,0,0,0,0,0,0,0,0,0,0,0,0,0,0,0,0,0,0,0,0,0,0,0
t4q5r5tk.png,0,0,183,233,266,324,464,540,716,929,1195,1515,0,1700,1528,1150,984,791,726,751,646,599,557,470,456,411,378,331,274,295,251,225,194,179,149,136,0,0,0,0,0,0,0,0,0,0,0,0,0,0,0,0,0,0,0,0,0,0,0,0,0,0
tdt4mjjw.png,0,135,183,210,235,296,403,512,594,840,994,1272,1700,0,1776,1417,1159,1010,899,875,727,684,654,584,540,516,487,452,392,338,354,268,245,196,175,150,0,0,0,0,0,0,0,0,0,0,0,0,0,0,0,0,0,0,0,0,0,0,0,0,0,0
eqvrav7y.png,0,106,138,168,185,247,366,444,581,655,894,1043,1528,1776,0,1769,1516,1361,1174,1090,984,832,817,701,660,643,576,522,478,459,459,366,323,285,222,228,201,180,166,145,140,120,0,0,0,0,0,0,0,0,0,0,0,0,0,0,0,0,0,0,0,0
bxyq5fg2.png,0,99,131,152,152,179,287,328,493,610,690,785,1150,1417,1769,0,1653,1584,1360,1366,1248,1042,954,804,769,788,645,602,562,552,503,383,342,298,254,237,208,193,164,148,143,0,0,0,0,0,0,0,0,0,0,0,0,0,0,0,0,0,0,0,0,0
72crzlnq.png,0,73,0,133,134,153,254,323,417,553,612,709,984,1159,1516,1653,0,1822,1652,1534,1424,1288,1222,1029,788,763,785,724,654,615,550,463,387,356,310,279,229,235,205,169,147,124,0,0,0,0,0,0,0,0,0,0,0,0,0,0,0,0,0,0,0,0
hrjoqnxq.png,0,0,0,107,130,169,252,321,407,544,561,718,791,1010,1361,1584,1822,0,1812,1673,1549,1483,1176,1167,1088,977,833,731,644,679,615,493,421,340,318,293,262,228,189,183,169,141,0,0,0,0,0,0,0,0,0,0,0,0,0,0,0,0,0,0,0,0
i1b6gzwu.png,0,0,0,86,106,152,229,278,346,463,465,616,726,899,1174,1360,1652,1812,0,1819,1728,1595,1428,1266,1249,1042,928,869,769,707,668,558,485,436,348,327,279,276,250,191,213,156,133,120,0,0,0,0,0,0,0,0,0,0,0,0,0,0,0,0,0,0
4lr3b8el.png,0,0,0,0,0,136,208,269,357,408,489,610,751,875,1090,1366,1534,1673,1819,0,1973,1795,1605,1379,1343,1259,988,970,877,802,738,598,544,464,396,430,331,308,253,230,197,173,147,123,0,0,0,0,0,0,0,0,0,0,0,0,0,0,0,0,0,0
cftgsnqj.png,0,0,0,70,0,110,190,258,338,428,477,469,646,727,984,1248,1424,1549,1728,1973,0,1903,1673,1448,1457,1308,1096,944,939,874,827,633,561,504,425,392,398,329,288,266,240,212,184,169,136,98,0,0,0,0,0,0,0,0,0,0,0,0,0,0,0,0
dzofxa2u.png,0,0,0,76,0,116,193,244,313,387,424,488,599,684,832,1042,1288,1483,1595,1795,1903,0,1877,1637,1619,1496,1154,1143,965,988,871,756,668,547,467,498,435,373,328,296,268,225,190,192,174,140,0,0,0,0,0,0,0,0,0,0,0,0,0,0,0,0
b5psebtj.png,0,0,0,55,65,91,170,208,270,353,400,437,557,654,817,954,1222,1176,1428,1605,1673,1877,0,1846,1770,1679,1379,1213,1073,1013,1004,850,706,627,576,507,459,424,386,326,311,254,230,197,172,162,130,131,118,84,0,0,0,0,0,0,0,0,0,0,0,0
2d989p0c.png,0,0,0,0,56,97,156,194,261,292,313,399,470,584,701,804,1029,1167,1266,1379,1448,1637,1846,0,1901,1770,1527,1336,1196,1111,961,870,770,612,585,525,475,464,419,370,315,263,237,248,229,167,141,150,126,87,0,0,0,0,0,0,0,0,0,0,0,0
64dgsq5e.png,0,0,0,0,0,96,148,166,239,286,326,374,456,540,660,769,788,1088,1249,1343,1457,1619,1770,1901,0,2020,1791,1584,1437,1298,1200,974,882,760,650,640,534,552,446,438,363,339,304,262,219,204,172,162,143,0,0,0,0,0,0,0,0,0,0,0,0,0
5cgkob4k.png,0,0,0,0,0,76,120,165,205,279,287,344,411,516,643,788,763,977,1042,1259,1308,1496,1679,1770,2020,0,1865,1799,1573,1384,1246,1040,837,814,691,658,638,552,500,456,372,327,320,265,274,227,182,188,154,116,0,0,0,0,0,0,0,0,0,0,0,0
gqhozyx5.png,0,0,0,0,0,65,114,131,170,241,275,308,378,487,576,645,785,833,928,988,1096,1154,1379,1527,1791,1865,0,1950,1618,1513,1445,1096,999,877,781,639,640,599,532,501,412,356,362,302,285,233,195,181,130,120,0,0,0,0,0,0,0,0,0,0,0,0
27asxb0l.png,0,0,0,0,0,0,101,0,157,222,224,282,331,452,522,602,724,731,869,970,944,1143,1213,1336,1584,1799,1950,0,1987,1904,1727,1269,1092,1014,786,900,799,620,626,556,507,442,396,352,341,292,265,238,198,162,137,100,97,103,65,0,0,0,0,0,0,0
7lnygfz9.png,0,0,0,0,0,0,86,0,133,157,196,206,274,392,478,562,654,644,769,877,939,965,1073,1196,1437,1573,1618,1987,0,2110,1973,1651,1396,1006,976,907,742,743,718,641,561,480,469,408,391,324,289,231,215,199,168,119,117,109,85,0,0,0,0,0,0,0
ln5tme5z.png,0,0,0,0,0,0,0,0,135,164,188,197,295,338,459,552,615,679,707,802,874,988,1013,1111,1298,1384,1513,1904,2110,0,2100,1755,1538,1369,1135,899,777,829,677,657,526,511,458,445,393,377,306,241,210,192,150,117,114,0,79,0,0,0,0,0,0,0
avadaby9.png,0,0,0,0,0,0,0,83,106,146,135,187,251,354,459,503,550,615,668,738,827,871,1004,961,1200,1246,1445,1727,1973,2100,0,1909,1725,1310,1156,1006,942,837,770,675,583,533,501,443,423,369,342,316,243,230,187,143,147,127,83,0,0,0,0,0,0,0
qr91m1x8.png,0,0,0,0,0,0,0,0,86,124,130,168,225,268,366,383,463,493,558,598,633,756,850,870,974,1040,1096,1269,1651,1755,1909,0,1899,1643,1523,1178,1100,1061,824,789,653,610,500,468,460,419,331,334,303,223,229,177,159,137,117,0,0,0,0,0,0,0
j5qhvelx.png,0,0,0,0,0,0,0,0,0,0,0,0,194,245,323,342,387,421,485,544,561,668,706,770,882,837,999,1092,1396,1538,1725,1899,0,1904,1694,1546,1181,1037,954,783,752,663,611,535,476,455,426,393,379,322,250,228,225,195,160,99,0,0,0,0,0,0
4blc6hnl.png,0,0,0,0,0,0,0,0,0,0,0,0,179,196,285,298,356,340,436,464,504,547,627,612,760,814,877,1014,1006,1369,1310,1643,1904,0,1910,1673,1551,1391,1087,1028,840,721,716,641,520,527,467,457,428,376,355,288,262,217,184,142,0,0,0,0,0,0
kuna7vuo.png,0,0,0,0,0,0,0,0,0,0,0,0,149,175,222,254,310,318,348,396,425,467,576,585,650,691,781,786,976,1135,1156,1523,1694,1910,0,1841,1719,1614,1419,1132,868,786,744,632,627,586,560,498,485,409,376,306,293,277,204,170,0,0,0,0,0,0
l527i1fj.png,0,0,0,0,0,0,0,0,0,0,0,0,136,150,228,237,279,293,327,430,392,498,507,525,640,658,639,900,907,899,1006,1178,1546,1673,1841,0,1948,1782,1530,1278,1212,946,837,790,745,675,639,581,503,403,386,337,319,297,239,167,0,0,0,0,0,0
pupucn4l.png,0,0,0,0,0,0,0,0,0,0,0,0,0,0,201,208,229,262,279,331,398,435,459,475,534,638,640,799,742,777,942,1100,1181,1551,1719,1948,0,1944,1753,1511,1292,1125,943,859,796,699,717,577,643,509,483,425,345,341,300,203,0,0,0,0,0,0
igdsuhi6.png,0,0,0,0,0,0,0,0,0,0,0,0,0,0,180,193,235,228,276,308,329,373,424,464,552,552,599,620,743,829,837,1061,1037,1391,1614,1782,1944,0,1909,1718,1483,1306,1108,980,882,722,742,689,622,555,456,399,356,315,286,214,167,102,77,0,0,0
z0bqs0ss.png,0,0,0,0,0,0,0,0,0,0,0,0,0,0,166,164,205,189,250,253,288,328,386,419,446,500,532,626,718,677,770,824,954,1087,1419,1530,1753,1909,0,1930,1706,1505,1244,1056,943,864,801,723,688,582,489,450,404,392,322,233,158,0,0,0,0,0
dvf1os96.png,0,0,0,0,0,0,0,0,0,0,0,0,0,0,145,148,169,183,191,230,266,296,326,370,438,456,501,556,641,657,675,789,783,1028,1132,1278,1511,1718,1930,0,1894,1682,1377,1277,1020,925,827,774,698,544,531,435,440,367,348,218,212,133,0,0,0,0
yk97rk62.png,0,0,0,0,0,0,0,0,0,0,0,0,0,0,140,143,147,169,213,197,240,268,311,315,363,372,412,507,561,526,583,653,752,840,868,1212,1292,1483,1706,1894,0,1862,1676,1489,1214,1033,896,869,776,650,583,510,462,431,400,265,211,0,0,0,0,0
i0cpqjn8.png,0,0,0,0,0,0,0,0,0,0,0,0,0,0,120,0,124,141,156,173,212,225,254,263,339,327,356,442,480,511,533,610,663,721,786,946,1125,1306,1505,1682,1862,0,1826,1563,1343,1174,1014,893,842,689,576,582,487,429,420,273,0,0,0,0,0,0
zaea17wu.png,0,0,0,0,0,0,0,0,0,0,0,0,0,0,0,0,0,0,133,147,184,190,230,237,304,320,362,396,469,458,501,500,611,716,744,837,943,1108,1244,1377,1676,1826,0,1701,1485,1290,1153,922,797,762,692,593,565,478,453,322,226,191,0,0,0,0
f370lkab.png,0,0,0,0,0,0,0,0,0,0,0,0,0,0,0,0,0,0,120,123,169,192,197,248,262,265,302,352,408,445,443,468,535,641,632,790,859,980,1056,1277,1489,1563,1701,0,1639,1371,1257,1072,931,822,707,610,595,513,450,346,228,187,148,0,0,0
camv1thx.png,0,0,0,0,0,0,0,0,0,0,0,0,0,0,0,0,0,0,0,0,136,174,172,229,219,274,285,341,391,393,423,460,476,520,627,745,796,882,943,1020,1214,1343,1485,1639,0,1484,1306,1232,986,876,768,645,624,521,489,365,230,219,149,0,0,0
2mlm24vg.png,0,0,0,0,0,0,0,0,0,0,0,0,0,0,0,0,0,0,0,0,98,140,162,167,204,227,233,292,324,377,369,419,455,527,586,675,699,722,864,925,1033,1174,1290,1371,1484,0,1467,1387,1193,1031,848,753,750,648,607,442,297,227,193,0,0,0
uura0dgu.png,0,0,0,0,0,0,0,0,0,0,0,0,0,0,0,0,0,0,0,0,0,0,130,141,172,182,195,265,289,306,342,331,426,467,560,639,717,742,801,827,896,1014,1153,1257,1306,1467,0,1544,1392,1176,1063,851,736,657,680,513,365,251,213,155,69,0
h54dqtgt.png,0,0,0,0,0,0,0,0,0,0,0,0,0,0,0,0,0,0,0,0,0,0,131,150,162,188,181,238,231,241,316,334,393,457,498,581,577,689,723,774,869,893,922,1072,1232,1387,1544,0,1699,1414,1164,946,903,801,785,567,416,299,233,160,72,0
fwfraxhh.png,0,0,0,0,0,0,0,0,0,0,0,0,0,0,0,0,0,0,0,0,0,0,118,126,143,154,130,198,215,210,243,303,379,428,485,503,643,622,688,698,776,842,797,931,986,1193,1392,1699,0,1617,1270,1143,966,838,790,523,433,307,251,179,0,0
3q4iifyt.png,0,0,0,0,0,0,0,0,0,0,0,0,0,0,0,0,0,0,0,0,0,0,84,87,0,116,120,162,199,192,230,223,322,376,409,403,509,555,582,544,650,689,762,822,876,1031,1176,1414,1617,0,1553,1273,1095,988,863,656,439,341,274,186,0,0
pof85g9i.png,0,0,0,0,0,0,0,0,0,0,0,0,0,0,0,0,0,0,0,0,0,0,0,0,0,0,0,137,168,150,187,229,250,355,376,386,483,456,489,531,583,576,692,707,768,848,1063,1164,1270,1553,0,1425,1206,1048,977,751,563,354,276,211,89,0
5lr0i0of.png,0,0,0,0,0,0,0,0,0,0,0,0,0,0,0,0,0,0,0,0,0,0,0,0,0,0,0,100,119,117,143,177,228,288,306,337,425,399,450,435,510,582,593,610,645,753,851,946,1143,1273,1425,0,1320,1166,1018,772,654,389,314,218,85,0
avmlvtjr.png,0,0,0,0,0,0,0,0,0,0,0,0,0,0,0,0,0,0,0,0,0,0,0,0,0,0,0,97,117,114,147,159,225,262,293,319,345,356,404,440,462,487,565,595,624,750,736,903,966,1095,1206,1320,0,1293,1096,885,695,410,325,234,106,0
msquwei0.png,0,0,0,0,0,0,0,0,0,0,0,0,0,0,0,0,0,0,0,0,0,0,0,0,0,0,0,103,109,0,127,137,195,217,277,297,341,315,392,367,431,429,478,513,521,648,657,801,838,988,1048,1166,1293,0,1133,925,745,491,386,235,108,0
npakbmmh.png,0,0,0,0,0,0,0,0,0,0,0,0,0,0,0,0,0,0,0,0,0,0,0,0,0,0,0,65,85,79,83,117,160,184,204,239,300,286,322,348,400,420,453,450,489,607,680,785,790,863,977,1018,1096,1133,0,1008,789,487,397,266,95,0
ekncedpx.png,0,0,0,0,0,0,0,0,0,0,0,0,0,0,0,0,0,0,0,0,0,0,0,0,0,0,0,0,0,0,0,0,99,142,170,167,203,214,233,218,265,273,322,346,365,442,513,567,523,656,751,772,885,925,1008,0,960,712,528,295,109,0
4erct3bl.png,0,0,0,0,0,0,0,0,0,0,0,0,0,0,0,0,0,0,0,0,0,0,0,0,0,0,0,0,0,0,0,0,0,0,0,0,0,167,158,212,211,0,226,228,230,297,365,416,433,439,563,654,695,745,789,960,0,850,576,377,138,0
zwaudc48.png,0,0,0,0,0,0,0,0,0,0,0,0,0,0,0,0,0,0,0,0,0,0,0,0,0,0,0,0,0,0,0,0,0,0,0,0,0,102,0,133,0,0,191,187,219,227,251,299,307,341,354,389,410,491,487,712,850,0,695,495,146,0
8jw546fl.png,0,0,0,0,0,0,0,0,0,0,0,0,0,0,0,0,0,0,0,0,0,0,0,0,0,0,0,0,0,0,0,0,0,0,0,0,0,77,0,0,0,0,0,148,149,193,213,233,251,274,276,314,325,386,397,528,576,695,0,547,185,0
m3bjd9yv.png,0,0,0,0,0,0,0,0,0,0,0,0,0,0,0,0,0,0,0,0,0,0,0,0,0,0,0,0,0,0,0,0,0,0,0,0,0,0,0,0,0,0,0,0,0,0,155,160,179,186,211,218,234,235,266,295,377,495,547,0,204,0
umr81bex.png,0,0,0,0,0,0,0,0,0,0,0,0,0,0,0,0,0,0,0,0,0,0,0,0,0,0,0,0,0,0,0,0,0,0,0,0,0,0,0,0,0,0,0,0,0,0,69,72,0,0,89,85,106,108,95,109,138,146,185,204,0,0
7qob9q3x.png,0,0,0,0,0,0,0,0,0,0,0,0,0,0,0,0,0,0,0,0,0,0,0,0,0,0,0,0,0,0,0,0,0,0,0,0,0,0,0,0,0,0,0,0,0,0,0,0,0,0,0,0,0,0,0,0,0,0,0,0,0,0
