par,metodo,keypoints,matches,inliers,taxa_inliers,erro_reproj_px,tempo_s
0,SIFT + ratio test (CPU),4609,377,281,0.7454,3.53,0.561
0,SuperPoint + LightGlue (GPU),3897,1366,803,0.5878,3.871,0.461
1,SIFT + ratio test (CPU),5415,686,525,0.7653,3.195,0.46
1,SuperPoint + LightGlue (GPU),4289,1570,1015,0.6465,4.117,0.496
2,SIFT + ratio test (CPU),5859,915,752,0.8219,2.066,0.483
2,SuperPoint + LightGlue (GPU),4526,2080,1408,0.6769,3.875,0.449
3,SIFT + ratio test (CPU),6054,1025,860,0.839,1.962,0.496
3,SuperPoint + LightGlue (GPU),4672,2258,1662,0.736,3.583,0.531
4,SIFT + ratio test (CPU),6158,1041,871,0.8367,2.086,0.481
4,SuperPoint + LightGlue (GPU),4815,2369,1825,0.7704,3.511,0.474
5,SIFT + ratio test (CPU),6430,1121,909,0.8109,2.524,0.503
5,SuperPoint + LightGlue (GPU),5140,2533,1721,0.6794,3.774,0.505
6,SIFT + ratio test (CPU),6756,1290,1104,0.8558,2.144,0.492
6,SuperPoint + LightGlue (GPU),5444,2743,2073,0.7557,3.575,0.486
7,SIFT + ratio test (CPU),7310,1381,1157,0.8378,2.408,0.473
7,SuperPoint + LightGlue (GPU),5684,2878,2085,0.7245,3.694,0.483
8,SIFT + ratio test (CPU),7844,1471,1273,0.8654,2.415,0.491
8,SuperPoint + LightGlue (GPU),5999,3086,2329,0.7547,3.859,0.459
9,SIFT + ratio test (CPU),7928,1663,1370,0.8238,2.136,0.507
9,SuperPoint + LightGlue (GPU),6298,3297,2538,0.7698,3.601,0.468
10,SIFT + ratio test (CPU),8177,1631,1376,0.8437,2.046,0.512
10,SuperPoint + LightGlue (GPU),6538,3425,2675,0.781,3.605,0.529
11,SIFT + ratio test (CPU),8652,1815,1515,0.8347,2.225,0.562
11,SuperPoint + LightGlue (GPU),6877,3481,2645,0.7598,3.747,0.517
12,SIFT + ratio test (CPU),8743,1963,1683,0.8574,2.239,0.514
12,SuperPoint + LightGlue (GPU),7158,3903,3134,0.803,3.435,0.478
13,SIFT + ratio test (CPU),8919,2055,1714,0.8341,2.225,0.551
13,SuperPoint + LightGlue (GPU),7257,3845,2967,0.7717,3.544,0.48
14,SIFT + ratio test (CPU),8880,2073,1792,0.8644,2.283,0.532
14,SuperPoint + LightGlue (GPU),7240,3862,3081,0.7978,3.576,0.48
15,SIFT + ratio test (CPU),8602,1996,1691,0.8472,2.104,0.508
15,SuperPoint + LightGlue (GPU),7150,3936,3069,0.7797,3.51,0.499
16,SIFT + ratio test (CPU),8394,2120,1835,0.8656,1.602,0.539
16,SuperPoint + LightGlue (GPU),7012,3983,3186,0.7999,3.3,0.596
17,SIFT + ratio test (CPU),8199,2092,1835,0.8772,1.69,0.522
17,SuperPoint + LightGlue (GPU),6972,3971,3250,0.8184,3.25,0.608
18,SIFT + ratio test (CPU),8208,2096,1846,0.8807,1.458,0.53
18,SuperPoint + LightGlue (GPU),6979,3930,3189,0.8115,3.104,0.506
19,SIFT + ratio test (CPU),8276,2195,1972,0.8984,1.407,0.533
19,SuperPoint + LightGlue (GPU),6931,4021,3261,0.811,3.115,0.538
20,SIFT + ratio test (CPU),8098,2130,1909,0.8962,1.481,0.518
20,SuperPoint + LightGlue (GPU),6858,3858,3162,0.8196,3.158,0.531
21,SIFT + ratio test (CPU),8056,2094,1888,0.9016,1.596,0.504
21,SuperPoint + LightGlue (GPU),6688,3505,2884,0.8228,3.066,0.467
22,SIFT + ratio test (CPU),8098,2103,1855,0.8821,1.769,0.493
22,SuperPoint + LightGlue (GPU),6518,3430,2764,0.8058,3.252,0.469
23,SIFT + ratio test (CPU),8150,2146,1900,0.8854,1.642,0.538
23,SuperPoint + LightGlue (GPU),6534,3517,2941,0.8362,3.092,0.467
24,SIFT + ratio test (CPU),8192,2270,1999,0.8806,1.574,0.509
24,SuperPoint + LightGlue (GPU),6576,3727,3062,0.8216,3.177,0.48
25,SIFT + ratio test (CPU),8170,2104,1847,0.8779,1.803,0.503
25,SuperPoint + LightGlue (GPU),6650,3680,3005,0.8166,3.23,0.514
26,SIFT + ratio test (CPU),8145,2213,1966,0.8884,1.74,0.521
26,SuperPoint + LightGlue (GPU),6806,3790,3185,0.8404,3.204,0.539
27,SIFT + ratio test (CPU),8245,2195,1951,0.8888,1.946,0.525
27,SuperPoint + LightGlue (GPU),6824,3591,2894,0.8059,3.289,0.469
28,SIFT + ratio test (CPU),8314,2347,2122,0.9041,1.49,0.521
28,SuperPoint + LightGlue (GPU),6760,3839,3186,0.8299,3.297,0.491
29,SIFT + ratio test (CPU),8275,2347,2103,0.896,1.516,0.522
29,SuperPoint + LightGlue (GPU),6733,3799,3166,0.8334,3.207,0.489
30,SIFT + ratio test (CPU),8208,2112,1881,0.8906,2.039,0.511
30,SuperPoint + LightGlue (GPU),6764,3619,2940,0.8124,3.4,0.477
31,SIFT + ratio test (CPU),8118,2192,1926,0.8786,1.703,0.499
31,SuperPoint + LightGlue (GPU),6876,3649,3013,0.8257,3.238,0.473
32,SIFT + ratio test (CPU),8194,2190,1898,0.8667,1.632,0.525
32,SuperPoint + LightGlue (GPU),7042,3744,3098,0.8275,3.211,0.48
33,SIFT + ratio test (CPU),8292,2200,1934,0.8791,1.68,0.52
33,SuperPoint + LightGlue (GPU),7076,4024,3384,0.841,3.122,0.487
34,SIFT + ratio test (CPU),8362,2091,1845,0.8824,1.752,0.517
34,SuperPoint + LightGlue (GPU),6990,3864,3117,0.8067,3.394,0.488
35,SIFT + ratio test (CPU),8455,2204,1923,0.8725,1.645,0.53
35,SuperPoint + LightGlue (GPU),7032,4050,3312,0.8178,3.103,0.487
36,SIFT + ratio test (CPU),8492,2239,1951,0.8714,1.619,0.518
36,SuperPoint + LightGlue (GPU),7190,4153,3393,0.817,3.112,0.495
37,SIFT + ratio test (CPU),8444,2172,1915,0.8817,1.827,0.508
37,SuperPoint + LightGlue (GPU),7258,4139,3407,0.8231,3.362,0.497
38,SIFT + ratio test (CPU),8340,2217,1925,0.8683,1.979,0.523
38,SuperPoint + LightGlue (GPU),7242,4219,3310,0.7845,3.449,0.533
39,SIFT + ratio test (CPU),8118,2152,1907,0.8862,1.903,0.503
39,SuperPoint + LightGlue (GPU),7122,4131,3397,0.8223,3.458,0.496
40,SIFT + ratio test (CPU),8048,2143,1885,0.8796,2.088,0.528
40,SuperPoint + LightGlue (GPU),7117,4185,3448,0.8239,3.383,0.487
41,SIFT + ratio test (CPU),7950,2093,1842,0.8801,1.676,0.515
41,SuperPoint + LightGlue (GPU),7229,4146,3423,0.8256,3.322,0.493
42,SIFT + ratio test (CPU),7621,1944,1705,0.8771,1.774,0.489
42,SuperPoint + LightGlue (GPU),7147,4044,3322,0.8215,3.295,0.49
43,SIFT + ratio test (CPU),7320,1846,1609,0.8716,1.961,0.509
43,SuperPoint + LightGlue (GPU),6952,3903,3159,0.8094,3.519,0.483
44,SIFT + ratio test (CPU),7150,1718,1486,0.865,1.924,0.49
44,SuperPoint + LightGlue (GPU),6855,3783,3003,0.7938,3.551,0.479
45,SIFT + ratio test (CPU),6961,1710,1471,0.8602,2.033,0.506
45,SuperPoint + LightGlue (GPU),6811,3574,2864,0.8013,3.499,0.472
46,SIFT + ratio test (CPU),7028,1780,1535,0.8624,1.862,0.51
46,SuperPoint + LightGlue (GPU),6737,3660,2903,0.7932,3.557,0.468
47,SIFT + ratio test (CPU),7499,1946,1679,0.8628,1.852,0.51
47,SuperPoint + LightGlue (GPU),6754,3677,2993,0.814,3.386,0.473
48,SIFT + ratio test (CPU),7606,1902,1644,0.8644,1.989,0.509
48,SuperPoint + LightGlue (GPU),6709,3691,2934,0.7949,3.533,0.464
49,SIFT + ratio test (CPU),7247,1807,1555,0.8605,1.962,0.503
49,SuperPoint + LightGlue (GPU),6622,3626,2691,0.7421,3.793,0.466
50,SIFT + ratio test (CPU),6926,1667,1439,0.8632,2.123,0.482
50,SuperPoint + LightGlue (GPU),6590,3520,2767,0.7861,3.602,0.47
51,SIFT + ratio test (CPU),6514,1565,1324,0.846,2.095,0.482
51,SuperPoint + LightGlue (GPU),6344,3408,2729,0.8008,3.587,0.504
52,SIFT + ratio test (CPU),6395,1528,1309,0.8567,1.882,0.484
52,SuperPoint + LightGlue (GPU),6162,3357,2710,0.8073,3.417,0.463
53,SIFT + ratio test (CPU),6092,1382,1132,0.8191,2.3,0.499
53,SuperPoint + LightGlue (GPU),6014,3218,2536,0.7881,3.595,0.462
54,SIFT + ratio test (CPU),5794,1219,1006,0.8253,2.311,0.485
54,SuperPoint + LightGlue (GPU),5604,2817,2080,0.7384,3.666,0.45
55,SIFT + ratio test (CPU),6202,1137,949,0.8347,2.201,0.487
55,SuperPoint + LightGlue (GPU),5344,2641,2048,0.7755,3.57,0.45
56,SIFT + ratio test (CPU),6054,1106,854,0.7722,2.603,0.473
56,SuperPoint + LightGlue (GPU),5062,2365,1664,0.7036,3.932,0.445
57,SIFT + ratio test (CPU),5234,905,716,0.7912,2.333,0.468
57,SuperPoint + LightGlue (GPU),4668,2088,1509,0.7227,3.822,0.443
58,SIFT + ratio test (CPU),4866,736,579,0.7867,2.831,0.455
58,SuperPoint + LightGlue (GPU),4446,1925,1404,0.7294,3.978,0.436
59,SIFT + ratio test (CPU),4376,383,225,0.5875,3.143,0.47
59,SuperPoint + LightGlue (GPU),3914,1287,707,0.5493,4.158,0.466
