,krjpn9jj.png,em5m0q3u.png,b7gz6hal.png,vy5a6055.png,b3w1c345.png,ue2w0ow5.png,6j59mmjy.png,314wfetw.png,ei67lora.png,hsbb3p6g.png,8o1yzpbw.png,i8zntlk9.png,vnjpl223.png,llwozii6.png,rt80v9am.png,gph5fmcu.png,bhhf52ny.png,6uwo4fpy.png,h76idibd.png,lrj9yip7.png,uc4zaqf8.png,zk1rcmpk.png,xaqf0iqc.png,mxuowjg4.png,19gt9x57.png,g9be8bvt.png,bnjr76cw.png,u2og1fqq.png,zo2xofzv.png,5jxt0apr.png,nz7o5id3.png,wbxlkqlx.png,h05waix0.png,k3ms1jay.png,tfdo6b05.png,egpk1xl9.png,bm811q6w.png,g3lg31bv.png,0m5983x8.png,gzjx7d0y.png,ylqzflkg.png,8mdga1yi.png,d2wzbz33.png,0yi3rjgz.png,dnuasth2.png,udv64omc.png,87wra1r3.png,hkyzwnka.png
krjpn9jj.png,0,147,186,164,0,40,0,309,0,0,0,0,0,0,0,0,0,0,0,0,0,0,0,0,0,0,0,0,0,0,0,0,0,0,0,0,0,0,0,0,0,0,0,0,0,0,0,0
em5m0q3u.png,147,0,240,0,42,80,0,405,0,0,0,0,0,0,0,0,0,0,0,0,0,0,0,0,0,0,0,0,0,0,0,0,0,0,0,0,0,0,0,0,0,0,0,0,0,0,0,0
b7gz6hal.png,186,240,0,236,78,124,0,145,37,0,0,0,0,0,0,0,0,0,0,0,0,0,0,0,0,0,0,0,0,53,41,0,0,0,0,0,0,0,0,0,0,0,0,0,0,0,0,0
vy5a6055.png,164,0,236,0,0,0,0,477,261,0,0,0,0,0,0,0,0,0,0,0,0,0,0,0,0,0,0,0,0,0,0,0,0,0,0,0,0,0,0,0,0,0,0,0,0,0,0,0
b3w1c345.png,0,42,78,0,0,98,0,0,0,0,0,0,0,0,0,0,0,0,0,0,0,0,0,0,0,0,0,0,0,91,79,0,0,0,0,0,0,0,0,0,30,0,0,0,0,0,0,0
ue2w0ow5.png,40,80,124,0,98,0,0,0,0,0,0,0,0,0,0,0,0,0,0,0,0,0,0,0,0,0,0,0,0,235,63,0,0,0,0,0,0,0,0,0,0,0,0,0,0,0,0,0
6j59mmjy.png,0,0,0,0,0,0,0,0,0,0,161,0,0,0,0,0,0,155,0,0,0,0,0,0,0,0,0,0,0,0,0,0,0,0,58,0,0,0,0,0,0,0,0,0,0,0,0,0
314wfetw.png,309,405,145,477,0,0,0,0,798,246,0,0,0,243,208,0,0,0,0,0,0,0,0,0,0,0,0,0,0,0,0,0,0,0,0,0,0,0,0,0,0,0,0,0,0,0,0,0
ei67lora.png,0,0,37,261,0,0,0,798,0,3227,671,0,613,1094,1104,0,0,82,690,0,0,0,0,0,0,0,0,0,0,0,0,0,0,0,0,0,0,0,0,0,0,0,0,0,0,0,0,0
hsbb3p6g.png,0,0,0,0,0,0,0,246,3227,0,4411,0,559,988,1415,0,0,328,484,0,0,0,0,0,0,0,0,0,0,0,0,0,0,0,0,0,0,0,0,0,0,0,0,0,0,0,0,0
8o1yzpbw.png,0,0,0,0,0,0,161,0,671,4411,0,0,93,122,0,0,0,2115,0,0,0,0,0,0,0,0,0,0,0,0,0,0,0,0,48,0,0,0,0,0,0,0,0,0,0,0,0,0
i8zntlk9.png,0,0,0,0,0,0,0,0,0,0,0,0,1508,1597,773,1575,539,0,265,0,0,133,0,0,0,0,0,0,0,0,0,0,0,0,0,0,0,0,0,0,0,0,0,0,0,0,0,0
vnjpl223.png,0,0,0,0,0,0,0,0,613,559,93,1508,0,1860,1160,799,307,0,270,0,0,0,0,0,0,0,0,0,0,0,0,0,0,0,0,0,0,0,0,0,0,0,0,0,0,0,0,0
llwozii6.png,0,0,0,0,0,0,0,243,1094,988,122,1597,1860,0,3514,3027,849,0,753,0,0,142,0,0,0,0,0,0,0,0,0,0,0,0,0,0,0,0,0,0,0,0,0,0,0,0,0,0
rt80v9am.png,0,0,0,0,0,0,0,208,1104,1415,0,773,1160,3514,0,2367,1458,0,2018,738,255,225,0,0,0,0,0,0,0,0,0,0,0,0,0,0,0,0,0,0,0,0,0,0,0,0,0,0
gph5fmcu.png,0,0,0,0,0,0,0,0,0,0,0,1575,799,3027,2367,0,1146,0,418,0,0,169,0,0,0,0,0,0,0,0,0,0,0,0,0,0,0,0,0,0,0,0,0,0,0,0,0,0
bhhf52ny.png,0,0,0,0,0,0,0,0,0,0,0,539,307,849,1458,1146,0,0,856,454,507,343,0,0,145,0,0,0,0,0,0,0,0,0,0,0,0,0,0,0,0,0,0,0,0,0,0,0
6uwo4fpy.png,0,0,0,0,0,0,155,0,82,328,2115,0,0,0,0,0,0,0,0,0,0,0,0,0,0,0,0,0,0,0,0,0,0,0,68,256,0,0,0,171,0,0,0,0,0,0,0,0
h76idibd.png,0,0,0,0,0,0,0,0,690,484,0,265,270,753,2018,418,856,0,0,2337,373,338,0,0,0,0,0,0,0,0,0,0,0,0,0,0,0,0,0,0,0,0,0,0,0,0,0,0
lrj9yip7.png,0,0,0,0,0,0,0,0,0,0,0,0,0,0,738,0,454,0,2337,0,1468,339,1024,581,0,0,0,237,0,0,0,0,0,0,0,0,0,0,0,0,0,0,0,0,0,0,0,0
uc4zaqf8.png,0,0,0,0,0,0,0,0,0,0,0,0,0,0,255,0,507,0,373,1468,0,1204,504,538,481,592,0,283,234,0,0,0,0,0,0,0,0,0,0,0,0,0,0,0,0,0,0,0
zk1rcmpk.png,0,0,0,0,0,0,0,0,0,0,0,133,0,142,225,169,343,0,338,339,1204,0,0,0,444,594,0,214,236,0,0,0,0,0,0,0,0,0,0,0,0,0,0,0,0,0,0,0
xaqf0iqc.png,0,0,0,0,0,0,0,0,0,0,0,0,0,0,0,0,0,0,0,1024,504,0,0,1411,0,0,4195,0,0,0,0,541,0,0,0,0,0,0,0,0,0,0,0,0,0,0,0,0
mxuowjg4.png,0,0,0,0,0,0,0,0,0,0,0,0,0,0,0,0,0,0,0,581,538,0,1411,0,0,246,861,645,0,0,0,926,0,0,0,0,0,0,0,0,0,0,0,0,0,0,0,0
19gt9x57.png,0,0,0,0,0,0,0,0,0,0,0,0,0,0,0,0,145,0,0,0,481,444,0,0,0,802,0,317,884,0,0,0,356,383,0,0,0,0,0,0,0,0,0,0,0,0,0,0
g9be8bvt.png,0,0,0,0,0,0,0,0,0,0,0,0,0,0,0,0,0,0,0,0,592,594,0,246,802,0,278,743,786,0,0,225,421,399,0,0,0,0,0,0,0,0,54,111,0,0,0,0
bnjr76cw.png,0,0,0,0,0,0,0,0,0,0,0,0,0,0,0,0,0,0,0,0,0,0,4195,861,0,278,0,479,0,0,0,1339,317,0,0,0,0,0,0,0,0,134,519,0,0,511,0,0
u2og1fqq.png,0,0,0,0,0,0,0,0,0,0,0,0,0,0,0,0,0,0,0,237,283,214,0,645,317,743,479,0,581,0,0,607,323,242,0,0,0,0,0,0,0,0,0,0,0,0,0,0
zo2xofzv.png,0,0,0,0,0,0,0,0,0,0,0,0,0,0,0,0,0,0,0,0,234,236,0,0,884,786,0,581,0,0,0,0,508,661,0,0,152,204,0,0,0,0,141,310,0,0,0,0
5jxt0apr.png,0,0,53,0,91,235,0,0,0,0,0,0,0,0,0,0,0,0,0,0,0,0,0,0,0,0,0,0,0,0,2905,0,0,0,0,0,1204,1027,985,0,271,241,0,253,387,0,0,0
nz7o5id3.png,0,0,41,0,79,63,0,0,0,0,0,0,0,0,0,0,0,0,0,0,0,0,0,0,0,0,0,0,0,2905,0,0,0,0,557,111,1303,1093,1341,0,1815,816,0,493,1077,0,391,204
wbxlkqlx.png,0,0,0,0,0,0,0,0,0,0,0,0,0,0,0,0,0,0,0,0,0,0,541,926,0,225,1339,607,0,0,0,0,4788,1613,0,0,2586,1497,0,0,0,4148,3472,874,0,2876,3264,0
h05waix0.png,0,0,0,0,0,0,0,0,0,0,0,0,0,0,0,0,0,0,0,0,0,0,0,0,356,421,317,323,508,0,0,4788,0,6630,0,0,2495,2478,0,0,0,2804,3172,2802,0,2365,2110,0
k3ms1jay.png,0,0,0,0,0,0,0,0,0,0,0,0,0,0,0,0,0,0,0,0,0,0,0,0,383,399,0,242,661,0,0,1613,6630,0,0,0,2061,2543,493,0,0,1389,2902,4295,0,1354,1137,0
tfdo6b05.png,0,0,0,0,0,0,58,0,0,0,48,0,0,0,0,0,0,68,0,0,0,0,0,0,0,0,0,0,0,0,557,0,0,0,0,3689,2764,854,478,1495,5406,3754,0,0,2997,0,2714,2645
egpk1xl9.png,0,0,0,0,0,0,0,0,0,0,0,0,0,0,0,0,0,256,0,0,0,0,0,0,0,0,0,0,0,0,111,0,0,0,3689,0,4353,86,0,5681,2331,7305,1898,264,5365,3144,6110,9488
bm811q6w.png,0,0,0,0,0,0,0,0,0,0,0,0,0,0,0,0,0,0,0,0,0,0,0,0,0,0,0,0,152,1204,1303,2586,2495,2061,2764,4353,0,23399,13028,0,4022,19710,9231,6045,12841,5490,6471,6898
g3lg31bv.png,0,0,0,0,0,0,0,0,0,0,0,0,0,0,0,0,0,0,0,0,0,0,0,0,0,0,0,0,204,1027,1093,1497,2478,2543,854,86,23399,0,12441,0,2133,8816,4997,5149,6428,2374,2197,2134
0m5983x8.png,0,0,0,0,0,0,0,0,0,0,0,0,0,0,0,0,0,0,0,0,0,0,0,0,0,0,0,0,0,985,1341,0,0,493,478,0,13028,12441,0,0,1811,8914,3131,2755,8955,1873,2106,2960
gzjx7d0y.png,0,0,0,0,0,0,0,0,0,0,0,0,0,0,0,0,0,171,0,0,0,0,0,0,0,0,0,0,0,0,0,0,0,0,1495,5681,0,0,0,0,270,463,0,0,303,0,1036,1711
ylqzflkg.png,0,0,0,0,30,0,0,0,0,0,0,0,0,0,0,0,0,0,0,0,0,0,0,0,0,0,0,0,0,271,1815,0,0,0,5406,2331,4022,2133,1811,270,0,3987,0,0,4811,0,2997,2388
8mdga1yi.png,0,0,0,0,0,0,0,0,0,0,0,0,0,0,0,0,0,0,0,0,0,0,0,0,0,0,134,0,0,241,816,4148,2804,1389,3754,7305,19710,8816,8914,463,3987,0,11588,5592,13493,9075,12562,9336
d2wzbz33.png,0,0,0,0,0,0,0,0,0,0,0,0,0,0,0,0,0,0,0,0,0,0,0,0,0,54,519,0,141,0,0,3472,3172,2902,0,1898,9231,4997,3131,0,0,11588,0,9230,2696,7680,6195,2221
0yi3rjgz.png,0,0,0,0,0,0,0,0,0,0,0,0,0,0,0,0,0,0,0,0,0,0,0,0,0,111,0,0,310,253,493,874,2802,4295,0,264,6045,5149,2755,0,0,5592,9230,0,1249,2511,2331,514
dnuasth2.png,0,0,0,0,0,0,0,0,0,0,0,0,0,0,0,0,0,0,0,0,0,0,0,0,0,0,0,0,0,387,1077,0,0,0,2997,5365,12841,6428,8955,303,4811,13493,2696,1249,0,3215,5317,8476
udv64omc.png,0,0,0,0,0,0,0,0,0,0,0,0,0,0,0,0,0,0,0,0,0,0,0,0,0,0,511,0,0,0,0,2876,2365,1354,0,3144,5490,2374,1873,0,0,9075,7680,2511,3215,0,9094,3956
87wra1r3.png,0,0,0,0,0,0,0,0,0,0,0,0,0,0,0,0,0,0,0,0,0,0,0,0,0,0,0,0,0,0,391,3264,2110,1137,2714,6110,6471,2197,2106,1036,2997,12562,6195,2331,5317,9094,0,7089
hkyzwnka.png,0,0,0,0,0,0,0,0,0,0,0,0,0,0,0,0,0,0,0,0,0,0,0,0,0,0,0,0,0,0,204,0,0,0,2645,9488,6898,2134,2960,1711,2388,9336,2221,514,8476,3956,7089,0
